target,dropped_pair,rmse_full_test,rmse_top20_test,test_std,top20_feats,model_full_path,model_top20_path,best_params
leaf_Otu0000001,root_Otu0000001,0.695031482442872,0.7653025128618978,1.142031381445599,root_Otu0000021;leaf_Otu0000013;plant_OTU113;longitude;PPT_at;plant_OTU16;Elevation;plant_OTU100;plant_OTU67;WHC;plant_OTU132;OC;PPT_sp;plant_OTU27;root_Otu0000020;PPT_sm;root_Otu0000005;plant_OTU159;plant_OTU87;root_Otu0000003,models2/full/xgb_full_leaf_Otu0000001.model,models2/top20/xgb_top20_leaf_Otu0000001.model,"{'colsample_bytree': 0.8, 'gamma': 1.0, 'learning_rate': 0.1, 'max_depth': 4, 'min_child_weight': 3, 'objective': 'reg:squarederror', 'reg_alpha': 0.1, 'reg_lambda': 1.0, 'seed': 42, 'subsample': 0.9}"
leaf_Otu0000002,root_Otu0000002,1.2398358059110646,1.6238970066183844,8.220307553458628,leaf_Otu0000030;root_Otu0000030;leaf_Otu0000008;plant_OTU202;root_Otu0000064;plant_OTU198;root_Otu0000156;latitude;root_Otu0000001;MCMT;plant_OTU20;leaf_Otu0000179;plant_OTU67;pH;OC;CN;leaf_Otu0000042;root_Otu0000007;longitude;plant_OTU145,models2/full/xgb_full_leaf_Otu0000002.model,models2/top20/xgb_top20_leaf_Otu0000002.model,"{'colsample_bytree': 0.8, 'gamma': 1.0, 'learning_rate': 0.01, 'max_depth': 5, 'min_child_weight': 5, 'objective': 'reg:squarederror', 'reg_alpha': 0.1, 'reg_lambda': 0.5, 'seed': 42, 'subsample': 0.7}"
leaf_Otu0000003,root_Otu0000003,0.8955608997432348,0.9497778493148631,0.9257357164048508,leaf_Otu0000036;leaf_Otu0000001;Manganese;longitude;plant_OTU223;plant_OTU154;leaf_Otu0000033;pH;MCMT;Sodium;WHC;latitude;PPT_wt;plant_OTU67;plant_OTU216;plant_OTU204;plant_Shannon;Iron;Calcium;leaf_Otu0000101,models2/full/xgb_full_leaf_Otu0000003.model,models2/top20/xgb_top20_leaf_Otu0000003.model,"{'colsample_bytree': 0.7, 'gamma': 1.0, 'learning_rate': 0.1, 'max_depth': 3, 'min_child_weight': 1, 'objective': 'reg:squarederror', 'reg_alpha': 0.5, 'reg_lambda': 2.0, 'seed': 42, 'subsample': 0.8}"
leaf_Otu0000004,root_Otu0000004,0.9080865688910819,0.9959350477280537,0.964477221256937,SOM;OC;plant_OTU87;PPT_sm;leaf_Otu0000022;leaf_Otu0000013;leaf_Otu0000152;root_Otu0000199;root_Otu0000021;root_Otu0000024;longitude;Elevation;plant_OTU83;plant_OTU198;leaf_Otu0000008;root_Otu0000009;plant_OTU154;pH;Aluminium;root_Otu0000049,models2/full/xgb_full_leaf_Otu0000004.model,models2/top20/xgb_top20_leaf_Otu0000004.model,"{'colsample_bytree': 0.7, 'gamma': 1.0, 'learning_rate': 0.1, 'max_depth': 5, 'min_child_weight': 1, 'objective': 'reg:squarederror', 'reg_alpha': 0.1, 'reg_lambda': 0.5, 'seed': 42, 'subsample': 0.9}"
leaf_Otu0000005,root_Otu0000005,1.037508331886514,1.184342301801583,7.222210532198157,leaf_Otu0000017;leaf_Otu0000006;Magnesium;leaf_Otu0000011;root_Otu0000006;leaf_Otu0000009;CN;leaf_Otu0000058;Elevation;Aluminium;latitude;leaf_Otu0000003;plant_OTU71;MAT;PPT_wt;longitude;leaf_Otu0000016;Nitrogen;leaf_Otu0000032;plant_OTU113,models2/full/xgb_full_leaf_Otu0000005.model,models2/top20/xgb_top20_leaf_Otu0000005.model,"{'colsample_bytree': 0.7, 'gamma': 1.0, 'learning_rate': 0.1, 'max_depth': 5, 'min_child_weight': 1, 'objective': 'reg:squarederror', 'reg_alpha': 0.1, 'reg_lambda': 0.5, 'seed': 42, 'subsample': 0.9}"
leaf_Otu0000006,root_Otu0000006,2.0330742000783193,2.9832580037524434,13.804790966873696,leaf_Otu0000009;leaf_Otu0000028;leaf_Otu0000005;leaf_Otu0000017;Magnesium;leaf_Otu0000058;plant_OTU71;root_Otu0000076;PPT_sm;root_Otu0000989;MAT;plant_Shannon;plant_OTU196;leaf_Otu0000029;root_Otu0000005;leaf_Otu0000035;leaf_Otu0000016;plant_OTU198;plant_richness;MCMT,models2/full/xgb_full_leaf_Otu0000006.model,models2/top20/xgb_top20_leaf_Otu0000006.model,"{'colsample_bytree': 0.7, 'gamma': 1.0, 'learning_rate': 0.1, 'max_depth': 3, 'min_child_weight': 3, 'objective': 'reg:squarederror', 'reg_alpha': 0.1, 'reg_lambda': 2.0, 'seed': 42, 'subsample': 0.9}"
leaf_Otu0000008,,0.6309048945105288,0.7935409125083084,0.6903828755788038,latitude;Iron;plant_OTU1;MCMT;leaf_Otu0000073;WHC;plant_OTU20;leaf_Otu0000025;leaf_Otu0000030;plant_OTU198;leaf_Otu0000015;plant_OTU67;root_Otu0000050;Phosphore;leaf_Otu0000004;plant_OTU87;Magnesium;leaf_Otu0000068;root_Otu0000003;leaf_Otu0000002,models2/full/xgb_full_leaf_Otu0000008.model,models2/top20/xgb_top20_leaf_Otu0000008.model,"{'colsample_bytree': 0.8, 'gamma': 1.0, 'learning_rate': 0.1, 'max_depth': 5, 'min_child_weight': 3, 'objective': 'reg:squarederror', 'reg_alpha': 0.5, 'reg_lambda': 2.0, 'seed': 42, 'subsample': 0.9}"
leaf_Otu0000009,root_Otu0000009,0.4698386157917901,0.581739426412046,2.153908652332192,leaf_Otu0000005;leaf_Otu0000006;leaf_Otu0000017;root_Otu0000005;PPT_sm;CN;Manganese;leaf_Otu0000100;MAT;PPT_at;longitude;root_Otu0000058;Elevation;WHC;Nitrogen;latitude;PPT_sp;root_Otu0000028;plant_OTU154;root_Otu0000017,models2/full/xgb_full_leaf_Otu0000009.model,models2/top20/xgb_top20_leaf_Otu0000009.model,"{'colsample_bytree': 0.7, 'gamma': 1.0, 'learning_rate': 0.05, 'max_depth': 3, 'min_child_weight': 1, 'objective': 'reg:squarederror', 'reg_alpha': 0.1, 'reg_lambda': 0.5, 'seed': 42, 'subsample': 0.7}"
leaf_Otu0000010,,2.6083791147232827,2.716499589833501,2.6334036913009946,Phosphore;Calcium;plant_OTU18;root_Otu0000070;plant_OTU198;plant_OTU132;root_Otu0000064;plant_OTU147;leaf_Otu0000115;leaf_Otu0000038;CN;plant_OTU100;plant_OTU145;root_Otu0000024;leaf_Otu0000003;plant_OTU179;leaf_Otu0000044;leaf_Otu0000014;leaf_Otu0000022;Nitrogen,models2/full/xgb_full_leaf_Otu0000010.model,models2/top20/xgb_top20_leaf_Otu0000010.model,"{'colsample_bytree': 0.9, 'gamma': 1.0, 'learning_rate': 0.01, 'max_depth': 3, 'min_child_weight': 5, 'objective': 'reg:squarederror', 'reg_alpha': 0.1, 'reg_lambda': 0.5, 'seed': 42, 'subsample': 0.7}"
leaf_Otu0000011,root_Otu0000011,1.2178748318774577,1.1229400908720808,6.081667551243305,leaf_Otu0000063;leaf_Otu0000051;leaf_Otu0000016;root_Otu0000016;leaf_Otu0000100;PPT_sp;root_Otu0000100;SOM;pH;latitude;Nitrogen;MAT;root_Otu0000020;leaf_Otu0000029;leaf_Otu0000009;MCMT,models2/full/xgb_full_leaf_Otu0000011.model,models2/top20/xgb_top20_leaf_Otu0000011.model,"{'colsample_bytree': 0.7, 'gamma': 1.0, 'learning_rate': 0.1, 'max_depth': 3, 'min_child_weight': 1, 'objective': 'reg:squarederror', 'reg_alpha': 0.1, 'reg_lambda': 1.0, 'seed': 42, 'subsample': 0.7}"
leaf_Otu0000012,,32.8439369919615,35.998748634777506,44.72093394418289,root_Otu0000122;root_Otu0000046;root_Otu0000114;longitude;leaf_Otu0000109;plant_OTU198;root_Otu0000026;leaf_Otu0000015;plant_OTU18;CN;root_Otu0000030;PPT_at;plant_OTU72;root_Otu0000163;Elevation;leaf_Otu0000022;plant_OTU109;leaf_Otu0000093;pH;plant_OTU78,models2/full/xgb_full_leaf_Otu0000012.model,models2/top20/xgb_top20_leaf_Otu0000012.model,"{'colsample_bytree': 0.9, 'gamma': 1.0, 'learning_rate': 0.1, 'max_depth': 5, 'min_child_weight': 3, 'objective': 'reg:squarederror', 'reg_alpha': 1.0, 'reg_lambda': 0.5, 'seed': 42, 'subsample': 0.8}"
leaf_Otu0000013,,0.748163154410747,0.8396247637543434,0.8644287505896661,root_Otu0000020;leaf_Otu0000038;plant_OTU149;leaf_Otu0000015;leaf_Otu0000029;leaf_Otu0000003;plant_OTU27;root_Otu0000121;root_Otu0000238;Potassium;leaf_Otu0000137;plant_OTU147;root_Otu0000024;root_Otu0000003;latitude;leaf_Otu0000004;Elevation;plant_OTU154;plant_Shannon;Calcium,models2/full/xgb_full_leaf_Otu0000013.model,models2/top20/xgb_top20_leaf_Otu0000013.model,"{'colsample_bytree': 0.8, 'gamma': 1.0, 'learning_rate': 0.1, 'max_depth': 3, 'min_child_weight': 1, 'objective': 'reg:squarederror', 'reg_alpha': 1.0, 'reg_lambda': 0.5, 'seed': 42, 'subsample': 0.9}"
leaf_Otu0000014,,2.276726422786637,2.4613225902296114,2.4033016803223695,leaf_Otu0000078;plant_OTU147;root_Otu0000049;leaf_Otu0000009;root_Otu0000019;leaf_Otu0000057;leaf_Otu0000023;leaf_Otu0000013;root_Otu0000001;root_Otu0000174;plant_OTU198;plant_OTU18;Magnesium;plant_OTU1;PPT_sp;Phosphore;leaf_Otu0000365;leaf_Otu0000101;plant_OTU132;leaf_Otu0000116,models2/full/xgb_full_leaf_Otu0000014.model,models2/top20/xgb_top20_leaf_Otu0000014.model,"{'colsample_bytree': 0.9, 'gamma': 1.0, 'learning_rate': 0.1, 'max_depth': 4, 'min_child_weight': 5, 'objective': 'reg:squarederror', 'reg_alpha': 0.1, 'reg_lambda': 1.0, 'seed': 42, 'subsample': 0.8}"
leaf_Otu0000015,,1.7611504205043402,1.7869865200359691,2.1086652880443193,leaf_Otu0000038;root_Otu0000007;Aluminium;leaf_Otu0000012;leaf_Otu0000004;plant_OTU88;root_Otu0000020;longitude;plant_OTU202;Phosphore;Elevation;CN;plant_OTU179;leaf_Otu0000013;plant_OTU27;Magnesium;Calcium;leaf_Otu0000003;Manganese;plant_OTU216,models2/full/xgb_full_leaf_Otu0000015.model,models2/top20/xgb_top20_leaf_Otu0000015.model,"{'colsample_bytree': 0.9, 'gamma': 1.0, 'learning_rate': 0.01, 'max_depth': 3, 'min_child_weight': 3, 'objective': 'reg:squarederror', 'reg_alpha': 0.1, 'reg_lambda': 2.0, 'seed': 42, 'subsample': 0.9}"
leaf_Otu0000016,root_Otu0000016,0.7053117507448718,0.6898023355230894,4.247468247960303,leaf_Otu0000011;leaf_Otu0000051;leaf_Otu0000063;plant_OTU46;root_Otu0000051;root_Otu0000100;root_Otu0000011;plant_OTU1;plant_OTU109;plant_OTU71;plant_OTU65;plant_OTU149;leaf_Otu0000004;root_Otu0000003;root_Otu0000020;plant_OTU27;plant_OTU198;WHC;root_Otu0000049;leaf_Otu0000179,models2/full/xgb_full_leaf_Otu0000016.model,models2/top20/xgb_top20_leaf_Otu0000016.model,"{'colsample_bytree': 0.9, 'gamma': 1.0, 'learning_rate': 0.1, 'max_depth': 3, 'min_child_weight': 3, 'objective': 'reg:squarederror', 'reg_alpha': 0.1, 'reg_lambda': 1.0, 'seed': 42, 'subsample': 0.7}"
leaf_Otu0000017,root_Otu0000017,0.5460305440955417,0.5836349341506148,1.4209408632189564,leaf_Otu0000006;leaf_Otu0000005;root_Otu0000028;leaf_Otu0000009;leaf_Otu0000016;MAT;longitude;root_Otu0000005;leaf_Otu0000001;PPT_sm;latitude,models2/full/xgb_full_leaf_Otu0000017.model,models2/top20/xgb_top20_leaf_Otu0000017.model,"{'colsample_bytree': 0.7, 'gamma': 1.0, 'learning_rate': 0.1, 'max_depth': 3, 'min_child_weight': 1, 'objective': 'reg:squarederror', 'reg_alpha': 0.1, 'reg_lambda': 0.5, 'seed': 42, 'subsample': 0.8}"
leaf_Otu0000018,,1.662932060582456,1.729233970060576,1.7667250455305876,plant_OTU204;latitude;root_Otu0000049;plant_OTU16;root_Otu0000001;Elevation;root_Otu0000003;leaf_Otu0000084;Sodium;leaf_Otu0000013;leaf_Otu0000004;WHC;Potassium;plant_richness;leaf_Otu0000032;pH;root_Otu0000009;OC;Phosphore;root_Otu0000258,models2/full/xgb_full_leaf_Otu0000018.model,models2/top20/xgb_top20_leaf_Otu0000018.model,"{'colsample_bytree': 0.9, 'gamma': 1.0, 'learning_rate': 0.1, 'max_depth': 3, 'min_child_weight': 5, 'objective': 'reg:squarederror', 'reg_alpha': 0.1, 'reg_lambda': 1.0, 'seed': 42, 'subsample': 0.7}"
leaf_Otu0000022,,2.524391099365989,2.5856274428463597,2.6120732621638436,plant_OTU216;Sodium;pH;WHC;leaf_Otu0000012;longitude;plant_richness;root_Otu0000026;root_Otu0000258;Potassium;leaf_Otu0000015;leaf_Otu0000042;leaf_Otu0000010;root_Otu0000007;PPT_at;Iron;plant_OTU147;leaf_Otu0000070;plant_OTU78;Calcium,models2/full/xgb_full_leaf_Otu0000022.model,models2/top20/xgb_top20_leaf_Otu0000022.model,"{'colsample_bytree': 0.9, 'gamma': 1.0, 'learning_rate': 0.1, 'max_depth': 5, 'min_child_weight': 5, 'objective': 'reg:squarederror', 'reg_alpha': 0.5, 'reg_lambda': 2.0, 'seed': 42, 'subsample': 0.7}"
leaf_Otu0000023,,0.07517664431084514,0.09458616664795687,0.0,leaf_Otu0000078;leaf_Otu0000014;root_Otu0000058;longitude;latitude;SOM;OC;root_Otu0000146;Sodium;root_Otu0000005;plant_OTU154;Phosphore;MAT;leaf_Otu0000365;plant_OTU113;root_Otu0000006;Iron,models2/full/xgb_full_leaf_Otu0000023.model,models2/top20/xgb_top20_leaf_Otu0000023.model,"{'colsample_bytree': 0.9, 'gamma': 1.0, 'learning_rate': 0.01, 'max_depth': 3, 'min_child_weight': 1, 'objective': 'reg:squarederror', 'reg_alpha': 0.1, 'reg_lambda': 0.5, 'seed': 42, 'subsample': 0.9}"
leaf_Otu0000025,,1.3351124767391191,1.3843103218777904,1.4886642612203076,root_Otu0000004;root_Otu0000284;plant_OTU159;leaf_Otu0000109;Potassium;PPT_sp;Elevation;leaf_Otu0000077;plant_OTU202;plant_OTU46;plant_OTU113;root_Otu0000003;root_Otu0000007;plant_OTU7;plant_OTU88;leaf_Otu0000067;Phosphore;root_Otu0000001;PPT_sm;Nitrogen,models2/full/xgb_full_leaf_Otu0000025.model,models2/top20/xgb_top20_leaf_Otu0000025.model,"{'colsample_bytree': 0.9, 'gamma': 1.0, 'learning_rate': 0.1, 'max_depth': 4, 'min_child_weight': 5, 'objective': 'reg:squarederror', 'reg_alpha': 1.0, 'reg_lambda': 2.0, 'seed': 42, 'subsample': 0.8}"
leaf_Otu0000027,,1.3476916152055487,1.3415052438986028,1.3300464574789055,leaf_Otu0000042;Sodium;plant_OTU136;Iron;Nitrogen;plant_OTU1;leaf_Otu0000022;leaf_Otu0000004;WHC;MAT;plant_OTU154;root_Otu0000156;leaf_Otu0000365;root_Otu0000258,models2/full/xgb_full_leaf_Otu0000027.model,models2/top20/xgb_top20_leaf_Otu0000027.model,"{'colsample_bytree': 0.7, 'gamma': 1.0, 'learning_rate': 0.05, 'max_depth': 3, 'min_child_weight': 3, 'objective': 'reg:squarederror', 'reg_alpha': 1.0, 'reg_lambda': 0.5, 'seed': 42, 'subsample': 0.9}"
leaf_Otu0000028,root_Otu0000028,0.4993999700439156,0.4858089023394886,1.03199935706982,leaf_Otu0000009;leaf_Otu0000006;leaf_Otu0000005;leaf_Otu0000058;latitude,models2/full/xgb_full_leaf_Otu0000028.model,models2/top20/xgb_top20_leaf_Otu0000028.model,"{'colsample_bytree': 0.7, 'gamma': 1.0, 'learning_rate': 0.1, 'max_depth': 3, 'min_child_weight': 1, 'objective': 'reg:squarederror', 'reg_alpha': 0.1, 'reg_lambda': 0.5, 'seed': 42, 'subsample': 0.8}"
leaf_Otu0000029,,1.2559314167518605,1.256938831968281,1.3269007287677157,leaf_Otu0000013;root_Otu0000049;plant_OTU88;WHC;leaf_Otu0000035;PPT_sp;Potassium;Elevation;root_Otu0000003;plant_OTU147;OC;plant_Shannon;leaf_Otu0000015;Iron;plant_OTU65;Phosphore;PPT_at;plant_richness;leaf_Otu0000022;root_Otu0000146,models2/full/xgb_full_leaf_Otu0000029.model,models2/top20/xgb_top20_leaf_Otu0000029.model,"{'colsample_bytree': 0.8, 'gamma': 1.0, 'learning_rate': 0.1, 'max_depth': 3, 'min_child_weight': 3, 'objective': 'reg:squarederror', 'reg_alpha': 1.0, 'reg_lambda': 2.0, 'seed': 42, 'subsample': 0.9}"
leaf_Otu0000030,root_Otu0000030,0.11586836580533413,0.20094813158044184,0.6298335385519243,root_Otu0000002;leaf_Otu0000002;latitude;plant_OTU7;Iron;PPT_sp;leaf_Otu0000034,models2/full/xgb_full_leaf_Otu0000030.model,models2/top20/xgb_top20_leaf_Otu0000030.model,"{'colsample_bytree': 0.9, 'gamma': 1.0, 'learning_rate': 0.1, 'max_depth': 3, 'min_child_weight': 5, 'objective': 'reg:squarederror', 'reg_alpha': 0.5, 'reg_lambda': 0.5, 'seed': 42, 'subsample': 0.7}"
leaf_Otu0000031,,0.6481682286033061,0.6820449030602531,0.6349964025419235,root_Otu0000102;plant_OTU145;root_Otu0000122;leaf_Otu0000057;plant_OTU67;Potassium;Iron;leaf_Otu0000038;root_Otu0000020;plant_OTU149;plant_OTU100;MCMT;OC;PPT_sp;leaf_Otu0000096;root_Otu0000238;Phosphore;SOM;WHC;leaf_Otu0000010,models2/full/xgb_full_leaf_Otu0000031.model,models2/top20/xgb_top20_leaf_Otu0000031.model,"{'colsample_bytree': 0.7, 'gamma': 1.0, 'learning_rate': 0.05, 'max_depth': 4, 'min_child_weight': 1, 'objective': 'reg:squarederror', 'reg_alpha': 1.0, 'reg_lambda': 2.0, 'seed': 42, 'subsample': 0.7}"
leaf_Otu0000032,,0.3672506501405513,0.6640889102964153,0.27289804038003906,leaf_Otu0000033;root_Otu0000046;root_Otu0000007;leaf_Otu0000029;root_Otu0000050;WHC;root_Otu0000146;plant_richness;Aluminium;Calcium;Iron;root_Otu0000026;MCMT;leaf_Otu0000018;CN;Nitrogen;Sodium;Magnesium;leaf_Otu0000152;pH,models2/full/xgb_full_leaf_Otu0000032.model,models2/top20/xgb_top20_leaf_Otu0000032.model,"{'colsample_bytree': 0.9, 'gamma': 1.0, 'learning_rate': 0.01, 'max_depth': 4, 'min_child_weight': 1, 'objective': 'reg:squarederror', 'reg_alpha': 0.1, 'reg_lambda': 2.0, 'seed': 42, 'subsample': 0.9}"
leaf_Otu0000033,,1.3547016476334803,1.3569054536624867,1.340639802180355,plant_OTU192;Sodium;plant_OTU67;leaf_Otu0000003;leaf_Otu0000078;longitude;PPT_wt;plant_OTU100;MCMT;Phosphore;plant_OTU27;Magnesium;leaf_Otu0000093;plant_OTU7;plant_richness;leaf_Otu0000068;root_Otu0000156;plant_OTU198;leaf_Otu0000035;root_Otu0000258,models2/full/xgb_full_leaf_Otu0000033.model,models2/top20/xgb_top20_leaf_Otu0000033.model,"{'colsample_bytree': 0.9, 'gamma': 1.0, 'learning_rate': 0.01, 'max_depth': 4, 'min_child_weight': 5, 'objective': 'reg:squarederror', 'reg_alpha': 1.0, 'reg_lambda': 2.0, 'seed': 42, 'subsample': 0.7}"
leaf_Otu0000034,,0.3793086123938623,0.39920645533416305,0.3098037362883428,Nitrogen;plant_OTU1;plant_OTU198;leaf_Otu0000029;plant_OTU65;leaf_Otu0000179;Calcium;leaf_Otu0000001;leaf_Otu0000014;CN;plant_OTU10;plant_OTU179;plant_OTU147;plant_OTU202;root_Otu0000003;root_Otu0000258;leaf_Otu0000120;leaf_Otu0000022;root_Otu0000144;leaf_Otu0000052,models2/full/xgb_full_leaf_Otu0000034.model,models2/top20/xgb_top20_leaf_Otu0000034.model,"{'colsample_bytree': 0.7, 'gamma': 1.0, 'learning_rate': 0.01, 'max_depth': 5, 'min_child_weight': 1, 'objective': 'reg:squarederror', 'reg_alpha': 0.1, 'reg_lambda': 2.0, 'seed': 42, 'subsample': 0.9}"
leaf_Otu0000035,,2.2393225278803297,2.2508708772590578,2.277625130914408,root_Otu0000076;leaf_Otu0000001;leaf_Otu0000015;plant_OTU202;plant_OTU71;OC;root_Otu0000007;Nitrogen;plant_richness;plant_OTU198;pH;MAT;Aluminium;longitude;leaf_Otu0000029;leaf_Otu0000246;Calcium;Potassium;leaf_Otu0000008;leaf_Otu0000013,models2/full/xgb_full_leaf_Otu0000035.model,models2/top20/xgb_top20_leaf_Otu0000035.model,"{'colsample_bytree': 0.7, 'gamma': 1.0, 'learning_rate': 0.1, 'max_depth': 4, 'min_child_weight': 5, 'objective': 'reg:squarederror', 'reg_alpha': 1.0, 'reg_lambda': 1.0, 'seed': 42, 'subsample': 0.9}"
leaf_Otu0000036,,0.49519570902428717,0.5245430479605282,0.505373292683604,root_Otu0000001;plant_OTU67;plant_OTU132;Sodium;root_Otu0000102;plant_OTU8;PPT_at;longitude;plant_OTU203;PPT_wt;plant_OTU159;plant_OTU71;leaf_Otu0000003;OC;Phosphore;leaf_Otu0000012;leaf_Otu0000002;Calcium;root_Otu0000017;plant_OTU4,models2/full/xgb_full_leaf_Otu0000036.model,models2/top20/xgb_top20_leaf_Otu0000036.model,"{'colsample_bytree': 0.7, 'gamma': 1.0, 'learning_rate': 0.05, 'max_depth': 4, 'min_child_weight': 1, 'objective': 'reg:squarederror', 'reg_alpha': 0.1, 'reg_lambda': 0.5, 'seed': 42, 'subsample': 0.7}"
leaf_Otu0000037,,0.5134822396320342,0.6524445832186095,0.7886707635471448,leaf_Otu0000077;WHC;Sodium;leaf_Otu0000067;leaf_Otu0000073;Iron;Phosphore;leaf_Otu0000002;OC;latitude;leaf_Otu0000001;leaf_Otu0000093;root_Otu0000003;Potassium,models2/full/xgb_full_leaf_Otu0000037.model,models2/top20/xgb_top20_leaf_Otu0000037.model,"{'colsample_bytree': 0.7, 'gamma': 1.0, 'learning_rate': 0.1, 'max_depth': 4, 'min_child_weight': 1, 'objective': 'reg:squarederror', 'reg_alpha': 0.5, 'reg_lambda': 0.5, 'seed': 42, 'subsample': 0.7}"
leaf_Otu0000038,,0.7806735769090325,0.9285082149411977,0.801904395239112,pH;root_Otu0000020;plant_OTU88;leaf_Otu0000013;leaf_Otu0000031;PPT_at;plant_OTU78;root_Otu0000121;leaf_Otu0000015;Calcium;Phosphore;root_Otu0000009;plant_OTU16;leaf_Otu0000152;leaf_Otu0000120;root_Otu0000122;plant_OTU100;leaf_Otu0000010;leaf_Otu0000084;plant_OTU179,models2/full/xgb_full_leaf_Otu0000038.model,models2/top20/xgb_top20_leaf_Otu0000038.model,"{'colsample_bytree': 0.7, 'gamma': 1.0, 'learning_rate': 0.1, 'max_depth': 4, 'min_child_weight': 5, 'objective': 'reg:squarederror', 'reg_alpha': 0.1, 'reg_lambda': 0.5, 'seed': 42, 'subsample': 0.7}"
leaf_Otu0000042,,0.45931077152883254,0.47273073046779823,0.2096100524365363,leaf_Otu0000027;Potassium;plant_Shannon;leaf_Otu0000115;leaf_Otu0000022;plant_OTU113;Iron;root_Otu0000004;plant_OTU216;leaf_Otu0000003;leaf_Otu0000066;Phosphore;Magnesium;leaf_Otu0000052;root_Otu0000156;leaf_Otu0000109;leaf_Otu0000010;CN;OC;root_Otu0000026,models2/full/xgb_full_leaf_Otu0000042.model,models2/top20/xgb_top20_leaf_Otu0000042.model,"{'colsample_bytree': 0.7, 'gamma': 1.0, 'learning_rate': 0.01, 'max_depth': 3, 'min_child_weight': 5, 'objective': 'reg:squarederror', 'reg_alpha': 0.1, 'reg_lambda': 2.0, 'seed': 42, 'subsample': 0.7}"
leaf_Otu0000044,,0.946502017527654,0.9279716379347467,0.9938387320590897,CN;WHC;leaf_Otu0000077;plant_OTU46;leaf_Otu0000070;leaf_Otu0000010;leaf_Otu0000029;leaf_Otu0000022;leaf_Otu0000042;root_Otu0000003;plant_richness;Calcium;plant_OTU67;plant_OTU1;Phosphore;root_Otu0000049;root_Otu0000064;leaf_Otu0000013;pH;PPT_sm,models2/full/xgb_full_leaf_Otu0000044.model,models2/top20/xgb_top20_leaf_Otu0000044.model,"{'colsample_bytree': 0.7, 'gamma': 1.0, 'learning_rate': 0.01, 'max_depth': 3, 'min_child_weight': 5, 'objective': 'reg:squarederror', 'reg_alpha': 1.0, 'reg_lambda': 2.0, 'seed': 42, 'subsample': 0.7}"
leaf_Otu0000051,root_Otu0000051,0.37455352694667843,0.3766719315674916,1.9710121706335628,leaf_Otu0000016;leaf_Otu0000011;leaf_Otu0000063;CN;Aluminium,models2/full/xgb_full_leaf_Otu0000051.model,models2/top20/xgb_top20_leaf_Otu0000051.model,"{'colsample_bytree': 0.8, 'gamma': 1.0, 'learning_rate': 0.05, 'max_depth': 3, 'min_child_weight': 3, 'objective': 'reg:squarederror', 'reg_alpha': 0.1, 'reg_lambda': 0.5, 'seed': 42, 'subsample': 0.7}"
leaf_Otu0000052,,1.3957046954558316,1.406330659686286,1.4177059080457486,leaf_Otu0000025;root_Otu0000144;root_Otu0000021;Calcium;root_Otu0000102;leaf_Otu0000109;Sodium;root_Otu0000019;Phosphore;leaf_Otu0000101;Manganese;plant_OTU154;Elevation;leaf_Otu0000044;leaf_Otu0000120;longitude;leaf_Otu0000365;MAT;leaf_Otu0000066;leaf_Otu0000094,models2/full/xgb_full_leaf_Otu0000052.model,models2/top20/xgb_top20_leaf_Otu0000052.model,"{'colsample_bytree': 0.9, 'gamma': 1.0, 'learning_rate': 0.1, 'max_depth': 4, 'min_child_weight': 1, 'objective': 'reg:squarederror', 'reg_alpha': 0.1, 'reg_lambda': 0.5, 'seed': 42, 'subsample': 0.8}"
leaf_Otu0000057,,1.5198389755286703,1.6848778887900844,1.8886995118868295,Iron;plant_OTU149;Phosphore;latitude;root_Otu0000007;leaf_Otu0000070;leaf_Otu0000018;Magnesium;leaf_Otu0000074;leaf_Otu0000032;leaf_Otu0000025;root_Otu0000003;plant_OTU7;leaf_Otu0000004;leaf_Otu0000003;leaf_Otu0000037;OC;root_Otu0000020;plant_OTU204;Calcium,models2/full/xgb_full_leaf_Otu0000057.model,models2/top20/xgb_top20_leaf_Otu0000057.model,"{'colsample_bytree': 0.8, 'gamma': 1.0, 'learning_rate': 0.1, 'max_depth': 5, 'min_child_weight': 3, 'objective': 'reg:squarederror', 'reg_alpha': 0.1, 'reg_lambda': 0.5, 'seed': 42, 'subsample': 0.8}"
leaf_Otu0000058,root_Otu0000058,0.3482795160186693,0.36694225469663816,0.6456609560809783,leaf_Otu0000028;leaf_Otu0000006;leaf_Otu0000005,models2/full/xgb_full_leaf_Otu0000058.model,models2/top20/xgb_top20_leaf_Otu0000058.model,"{'colsample_bytree': 0.7, 'gamma': 1.0, 'learning_rate': 0.1, 'max_depth': 3, 'min_child_weight': 3, 'objective': 'reg:squarederror', 'reg_alpha': 0.1, 'reg_lambda': 0.5, 'seed': 42, 'subsample': 0.8}"
leaf_Otu0000063,root_Otu0000063,0.3209646481828484,0.35259240151541216,1.791466283713156,leaf_Otu0000016;leaf_Otu0000011;leaf_Otu0000051;root_Otu0000100;plant_OTU198;root_Otu0000102,models2/full/xgb_full_leaf_Otu0000063.model,models2/top20/xgb_top20_leaf_Otu0000063.model,"{'colsample_bytree': 0.8, 'gamma': 1.0, 'learning_rate': 0.1, 'max_depth': 3, 'min_child_weight': 3, 'objective': 'reg:squarederror', 'reg_alpha': 0.1, 'reg_lambda': 0.5, 'seed': 42, 'subsample': 0.8}"
leaf_Otu0000066,,0.7023045088241602,0.7763409870925235,0.7502387161144877,leaf_Otu0000109;Phosphore;Calcium;leaf_Otu0000101;pH;Iron;leaf_Otu0000012;root_Otu0000046;leaf_Otu0000052,models2/full/xgb_full_leaf_Otu0000066.model,models2/top20/xgb_top20_leaf_Otu0000066.model,"{'colsample_bytree': 0.9, 'gamma': 1.0, 'learning_rate': 0.01, 'max_depth': 3, 'min_child_weight': 1, 'objective': 'reg:squarederror', 'reg_alpha': 1.0, 'reg_lambda': 2.0, 'seed': 42, 'subsample': 0.7}"
leaf_Otu0000067,,0.8587081334000575,0.9597394999211161,1.0222454288575784,PPT_sp;leaf_Otu0000002;MCMT;leaf_Otu0000073;PPT_sm;root_Otu0000004;leaf_Otu0000037;plant_OTU49;PPT_wt;latitude;leaf_Otu0000025;root_Otu0000146;Aluminium;Nitrogen;root_Otu0000049;root_Otu0000003;leaf_Otu0000001;leaf_Otu0000115;root_Otu0000021;leaf_Otu0000057,models2/full/xgb_full_leaf_Otu0000067.model,models2/top20/xgb_top20_leaf_Otu0000067.model,"{'colsample_bytree': 0.9, 'gamma': 1.0, 'learning_rate': 0.1, 'max_depth': 5, 'min_child_weight': 1, 'objective': 'reg:squarederror', 'reg_alpha': 0.1, 'reg_lambda': 0.5, 'seed': 42, 'subsample': 0.7}"
leaf_Otu0000068,,0.44178308233022007,0.4899952136145254,0.21917665873542497,root_Otu0000174;plant_OTU136;plant_OTU10;root_Otu0000070;Manganese;plant_OTU3;root_Otu0000001;root_Otu0000049;plant_OTU71;MAT;plant_OTU1;leaf_Otu0000001;plant_OTU202;leaf_Otu0000033;plant_OTU100;plant_OTU65;plant_OTU46;leaf_Otu0000013;CN;plant_OTU143,models2/full/xgb_full_leaf_Otu0000068.model,models2/top20/xgb_top20_leaf_Otu0000068.model,"{'colsample_bytree': 0.8, 'gamma': 1.0, 'learning_rate': 0.01, 'max_depth': 4, 'min_child_weight': 3, 'objective': 'reg:squarederror', 'reg_alpha': 0.1, 'reg_lambda': 2.0, 'seed': 42, 'subsample': 0.9}"
leaf_Otu0000070,root_Otu0000070,2.0472900008384687,2.0828972261797154,2.0820248766321203,leaf_Otu0000022;leaf_Otu0000044;Potassium;root_Otu0000001;root_Otu0000258;plant_OTU154;Iron;root_Otu0000007;PPT_sm;MAT;leaf_Otu0000004;plant_OTU46;leaf_Otu0000010;CN;plant_richness;Nitrogen;leaf_Otu0000057;Elevation;Calcium;plant_OTU71,models2/full/xgb_full_leaf_Otu0000070.model,models2/top20/xgb_top20_leaf_Otu0000070.model,"{'colsample_bytree': 0.7, 'gamma': 1.0, 'learning_rate': 0.1, 'max_depth': 4, 'min_child_weight': 1, 'objective': 'reg:squarederror', 'reg_alpha': 1.0, 'reg_lambda': 2.0, 'seed': 42, 'subsample': 0.7}"
leaf_Otu0000073,,0.49932127749725497,0.5362850045195308,0.4925022908250458,MAT;Elevation;leaf_Otu0000067;PPT_at;PPT_sm;plant_OTU113;latitude;plant_OTU71;leaf_Otu0000057;plant_richness;pH;plant_OTU198;MCMT;leaf_Otu0000008,models2/full/xgb_full_leaf_Otu0000073.model,models2/top20/xgb_top20_leaf_Otu0000073.model,"{'colsample_bytree': 0.8, 'gamma': 1.0, 'learning_rate': 0.1, 'max_depth': 3, 'min_child_weight': 5, 'objective': 'reg:squarederror', 'reg_alpha': 1.0, 'reg_lambda': 1.0, 'seed': 42, 'subsample': 0.8}"
leaf_Otu0000074,,1.2671760299981931,1.2690428492529329,1.2675614670724997,plant_OTU1;root_Otu0000049;root_Otu0000238;Sodium;root_Otu0000006;root_Otu0000005;root_Otu0000017;leaf_Otu0000018;root_Otu0000009;leaf_Otu0000120;Magnesium;WHC;MAT;root_Otu0000050;Nitrogen;OC;Elevation;root_Otu0000007;leaf_Otu0000057;plant_OTU179,models2/full/xgb_full_leaf_Otu0000074.model,models2/top20/xgb_top20_leaf_Otu0000074.model,"{'colsample_bytree': 0.8, 'gamma': 1.0, 'learning_rate': 0.01, 'max_depth': 5, 'min_child_weight': 1, 'objective': 'reg:squarederror', 'reg_alpha': 0.1, 'reg_lambda': 2.0, 'seed': 42, 'subsample': 0.9}"
leaf_Otu0000077,,4.50656156745462,4.639071899943412,4.526405896700034,PPT_wt;MCMT;plant_OTU146;latitude;plant_OTU192;longitude;PPT_sp;root_Otu0000019;leaf_Otu0000089;Elevation;Potassium;leaf_Otu0000036;leaf_Otu0000004;leaf_Otu0000109;leaf_Otu0000003;root_Otu0000007;leaf_Otu0000012;CN;leaf_Otu0000117;root_Otu0000122,models2/full/xgb_full_leaf_Otu0000077.model,models2/top20/xgb_top20_leaf_Otu0000077.model,"{'colsample_bytree': 0.8, 'gamma': 1.0, 'learning_rate': 0.01, 'max_depth': 5, 'min_child_weight': 1, 'objective': 'reg:squarederror', 'reg_alpha': 0.1, 'reg_lambda': 1.0, 'seed': 42, 'subsample': 0.9}"
leaf_Otu0000078,,0.25405470414780024,0.25986417507966053,0.08070450315321166,Calcium;WHC;leaf_Otu0000023;leaf_Otu0000033;OC;leaf_Otu0000005;Nitrogen;root_Otu0000049;leaf_Otu0000009;Elevation;leaf_Otu0000137;leaf_Otu0000014;leaf_Otu0000002;root_Otu0000005;root_Otu0000050;plant_OTU143;root_Otu0000009;PPT_wt;MAT;latitude,models2/full/xgb_full_leaf_Otu0000078.model,models2/top20/xgb_top20_leaf_Otu0000078.model,"{'colsample_bytree': 0.7, 'gamma': 1.0, 'learning_rate': 0.01, 'max_depth': 4, 'min_child_weight': 3, 'objective': 'reg:squarederror', 'reg_alpha': 0.5, 'reg_lambda': 2.0, 'seed': 42, 'subsample': 0.7}"
leaf_Otu0000084,,0.26028538293297826,0.23469669877606344,0.31904010450188985,plant_OTU132;Manganese;PPT_sp;plant_OTU149;plant_OTU71;latitude;Elevation;Phosphore;plant_OTU16;pH;CN;leaf_Otu0000120;Nitrogen;plant_OTU100;plant_OTU87;leaf_Otu0000157;leaf_Otu0000006;root_Otu0000021;leaf_Otu0000017;plant_OTU147,models2/full/xgb_full_leaf_Otu0000084.model,models2/top20/xgb_top20_leaf_Otu0000084.model,"{'colsample_bytree': 0.9, 'gamma': 1.0, 'learning_rate': 0.1, 'max_depth': 3, 'min_child_weight': 5, 'objective': 'reg:squarederror', 'reg_alpha': 0.5, 'reg_lambda': 2.0, 'seed': 42, 'subsample': 0.9}"
leaf_Otu0000089,,0.1336761865296878,,0.129958957190245,,models2/full/xgb_full_leaf_Otu0000089.model,,"{'colsample_bytree': 0.7, 'gamma': 1.0, 'learning_rate': 0.1, 'max_depth': 3, 'min_child_weight': 5, 'objective': 'reg:squarederror', 'reg_alpha': 0.5, 'reg_lambda': 0.5, 'seed': 42, 'subsample': 0.9}"
leaf_Otu0000093,,0.5519234449699003,0.5935898934086822,0.6387540324533236,plant_Shannon;leaf_Otu0000012;longitude;latitude;plant_OTU72;Iron;leaf_Otu0000037;leaf_Otu0000035;plant_OTU20;MAT;pH;Phosphore;leaf_Otu0000365;root_Otu0000258;leaf_Otu0000066;Calcium;MCMT;leaf_Otu0000008;leaf_Otu0000036;WHC,models2/full/xgb_full_leaf_Otu0000093.model,models2/top20/xgb_top20_leaf_Otu0000093.model,"{'colsample_bytree': 0.7, 'gamma': 1.0, 'learning_rate': 0.1, 'max_depth': 5, 'min_child_weight': 1, 'objective': 'reg:squarederror', 'reg_alpha': 0.5, 'reg_lambda': 0.5, 'seed': 42, 'subsample': 0.7}"
leaf_Otu0000094,,1.2155750761387545,1.225315388010108,1.1418971030593648,leaf_Otu0000052;leaf_Otu0000036;Phosphore;leaf_Otu0000003,models2/full/xgb_full_leaf_Otu0000094.model,models2/top20/xgb_top20_leaf_Otu0000094.model,"{'colsample_bytree': 0.7, 'gamma': 1.0, 'learning_rate': 0.1, 'max_depth': 3, 'min_child_weight': 1, 'objective': 'reg:squarederror', 'reg_alpha': 0.1, 'reg_lambda': 0.5, 'seed': 42, 'subsample': 0.7}"
leaf_Otu0000096,,0.5026787848034896,0.5443589601185924,0.5398703921029652,plant_OTU78;Elevation;leaf_Otu0000015;longitude;plant_OTU113;PPT_sp;plant_OTU149;leaf_Otu0000031;Iron;leaf_Otu0000038;WHC;plant_OTU88;leaf_Otu0000101;leaf_Otu0000010;plant_OTU20;plant_OTU18;Nitrogen;root_Otu0000024;leaf_Otu0000013;leaf_Otu0000117,models2/full/xgb_full_leaf_Otu0000096.model,models2/top20/xgb_top20_leaf_Otu0000096.model,"{'colsample_bytree': 0.8, 'gamma': 1.0, 'learning_rate': 0.1, 'max_depth': 3, 'min_child_weight': 5, 'objective': 'reg:squarederror', 'reg_alpha': 0.5, 'reg_lambda': 1.0, 'seed': 42, 'subsample': 0.8}"
leaf_Otu0000100,root_Otu0000100,0.373235033163991,0.37919818116397547,0.9338574256819008,leaf_Otu0000011;leaf_Otu0000016;root_Otu0000011;Iron;root_Otu0000016,models2/full/xgb_full_leaf_Otu0000100.model,models2/top20/xgb_top20_leaf_Otu0000100.model,"{'colsample_bytree': 0.7, 'gamma': 1.0, 'learning_rate': 0.1, 'max_depth': 3, 'min_child_weight': 1, 'objective': 'reg:squarederror', 'reg_alpha': 0.1, 'reg_lambda': 0.5, 'seed': 42, 'subsample': 0.8}"
leaf_Otu0000101,,0.7054817356940833,0.704406718303512,0.5230529191491775,Phosphore;leaf_Otu0000052;Iron;Aluminium;leaf_Otu0000109;plant_OTU83;plant_Shannon;plant_OTU198;plant_OTU145;pH;leaf_Otu0000014;leaf_Otu0000096;root_Otu0000174;root_Otu0000144;PPT_sp;plant_OTU202;plant_OTU18;Sodium;root_Otu0000070;root_Otu0000163,models2/full/xgb_full_leaf_Otu0000101.model,models2/top20/xgb_top20_leaf_Otu0000101.model,"{'colsample_bytree': 0.7, 'gamma': 1.0, 'learning_rate': 0.01, 'max_depth': 5, 'min_child_weight': 3, 'objective': 'reg:squarederror', 'reg_alpha': 1.0, 'reg_lambda': 2.0, 'seed': 42, 'subsample': 0.7}"
leaf_Otu0000109,,0.4119512735868803,0.4298256872695937,0.5009186741917143,longitude;root_Otu0000007;root_Otu0000163;plant_OTU18;leaf_Otu0000101;plant_OTU67;WHC;leaf_Otu0000066;leaf_Otu0000077;root_Otu0000156;plant_OTU216;Iron;Calcium;MAT;leaf_Otu0000004;Aluminium;Magnesium,models2/full/xgb_full_leaf_Otu0000109.model,models2/top20/xgb_top20_leaf_Otu0000109.model,"{'colsample_bytree': 0.8, 'gamma': 1.0, 'learning_rate': 0.05, 'max_depth': 4, 'min_child_weight': 5, 'objective': 'reg:squarederror', 'reg_alpha': 0.1, 'reg_lambda': 0.5, 'seed': 42, 'subsample': 0.9}"
leaf_Otu0000115,,0.5025802440714112,0.5658720142505242,0.7198304175555662,plant_OTU132;pH;plant_OTU198;root_Otu0000070;root_Otu0000024;leaf_Otu0000116;leaf_Otu0000157;Aluminium;Magnesium;Sodium;plant_OTU16;leaf_Otu0000010;plant_OTU71;root_Otu0000021;leaf_Otu0000042;root_Otu0000258;Iron;leaf_Otu0000003;WHC;root_Otu0000019,models2/full/xgb_full_leaf_Otu0000115.model,models2/top20/xgb_top20_leaf_Otu0000115.model,"{'colsample_bytree': 0.9, 'gamma': 1.0, 'learning_rate': 0.1, 'max_depth': 4, 'min_child_weight': 5, 'objective': 'reg:squarederror', 'reg_alpha': 0.1, 'reg_lambda': 1.0, 'seed': 42, 'subsample': 0.9}"
leaf_Otu0000116,,0.31902273817854615,0.405865226887755,0.3120079267754898,root_Otu0000144;leaf_Otu0000117;plant_OTU71;Aluminium;plant_OTU18;leaf_Otu0000096;MCMT;MAT;leaf_Otu0000004;Calcium;leaf_Otu0000073;Magnesium;root_Otu0000070;plant_richness;WHC;SOM;leaf_Otu0000137;leaf_Otu0000013;Nitrogen;root_Otu0000011,models2/full/xgb_full_leaf_Otu0000116.model,models2/top20/xgb_top20_leaf_Otu0000116.model,"{'colsample_bytree': 0.8, 'gamma': 1.0, 'learning_rate': 0.05, 'max_depth': 3, 'min_child_weight': 3, 'objective': 'reg:squarederror', 'reg_alpha': 0.1, 'reg_lambda': 0.5, 'seed': 42, 'subsample': 0.7}"
leaf_Otu0000117,,0.2551452824426629,0.25362667139596234,0.5613786713112665,pH;leaf_Otu0000116;leaf_Otu0000096;CN;root_Otu0000064;longitude,models2/full/xgb_full_leaf_Otu0000117.model,models2/top20/xgb_top20_leaf_Otu0000117.model,"{'colsample_bytree': 0.9, 'gamma': 1.0, 'learning_rate': 0.1, 'max_depth': 3, 'min_child_weight': 1, 'objective': 'reg:squarederror', 'reg_alpha': 0.1, 'reg_lambda': 0.5, 'seed': 42, 'subsample': 0.9}"
leaf_Otu0000120,,1.1589080045245022,1.2324848418558743,1.2086487834733997,leaf_Otu0000084;root_Otu0000006;pH;Nitrogen;CN;root_Otu0000005;Calcium;leaf_Otu0000014;leaf_Otu0000031;root_Otu0000121;root_Otu0000144;Aluminium;leaf_Otu0000052;Elevation;root_Otu0000001;plant_OTU204;leaf_Otu0000078;latitude;root_Otu0000009;leaf_Otu0000003,models2/full/xgb_full_leaf_Otu0000120.model,models2/top20/xgb_top20_leaf_Otu0000120.model,"{'colsample_bytree': 0.8, 'gamma': 1.0, 'learning_rate': 0.05, 'max_depth': 3, 'min_child_weight': 1, 'objective': 'reg:squarederror', 'reg_alpha': 0.1, 'reg_lambda': 0.5, 'seed': 42, 'subsample': 0.9}"
leaf_Otu0000137,,2.320666330993921,2.3196130246675932,2.2902261341381123,leaf_Otu0000027;WHC;leaf_Otu0000033;Calcium;leaf_Otu0000042;MCMT;leaf_Otu0000116;plant_OTU132;plant_OTU196;MAT;root_Otu0000001;leaf_Otu0000068;plant_OTU159;Elevation;leaf_Otu0000001;leaf_Otu0000115;latitude;plant_Shannon;longitude;leaf_Otu0000035,models2/full/xgb_full_leaf_Otu0000137.model,models2/top20/xgb_top20_leaf_Otu0000137.model,"{'colsample_bytree': 0.7, 'gamma': 1.0, 'learning_rate': 0.01, 'max_depth': 3, 'min_child_weight': 1, 'objective': 'reg:squarederror', 'reg_alpha': 0.1, 'reg_lambda': 2.0, 'seed': 42, 'subsample': 0.8}"
leaf_Otu0000152,,0.628500159879881,0.6506292969111968,0.8594790107335057,root_Otu0000114;root_Otu0000021;leaf_Otu0000003;Sodium;pH;plant_OTU7;Nitrogen;Potassium;leaf_Otu0000246;leaf_Otu0000013;Calcium;leaf_Otu0000002;leaf_Otu0000120;latitude;leaf_Otu0000004;Aluminium;leaf_Otu0000035;leaf_Otu0000031,models2/full/xgb_full_leaf_Otu0000152.model,models2/top20/xgb_top20_leaf_Otu0000152.model,"{'colsample_bytree': 0.9, 'gamma': 1.0, 'learning_rate': 0.1, 'max_depth': 3, 'min_child_weight': 1, 'objective': 'reg:squarederror', 'reg_alpha': 0.5, 'reg_lambda': 1.0, 'seed': 42, 'subsample': 0.7}"
leaf_Otu0000157,,1.0458801524141672,1.0454059788617183,1.0403758324765042,Phosphore;Magnesium;latitude;leaf_Otu0000001;CN;Elevation;MCMT;plant_Shannon;Aluminium;plant_OTU16;plant_OTU132;Sodium;leaf_Otu0000011;root_Otu0000100;WHC;leaf_Otu0000051;leaf_Otu0000137,models2/full/xgb_full_leaf_Otu0000157.model,models2/top20/xgb_top20_leaf_Otu0000157.model,"{'colsample_bytree': 0.7, 'gamma': 1.0, 'learning_rate': 0.01, 'max_depth': 3, 'min_child_weight': 5, 'objective': 'reg:squarederror', 'reg_alpha': 1.0, 'reg_lambda': 2.0, 'seed': 42, 'subsample': 0.7}"
leaf_Otu0000179,,1.0967666732698305,1.1565630098623985,1.1997767715532779,PPT_sp;leaf_Otu0000025;leaf_Otu0000003;plant_OTU149;Calcium;leaf_Otu0000002;plant_OTU154;PPT_at;WHC;latitude;longitude;PPT_sm;leaf_Otu0000034;OC;leaf_Otu0000035;leaf_Otu0000022;root_Otu0000002;CN;leaf_Otu0000001;plant_OTU179,models2/full/xgb_full_leaf_Otu0000179.model,models2/top20/xgb_top20_leaf_Otu0000179.model,"{'colsample_bytree': 0.8, 'gamma': 1.0, 'learning_rate': 0.1, 'max_depth': 3, 'min_child_weight': 3, 'objective': 'reg:squarederror', 'reg_alpha': 0.1, 'reg_lambda': 2.0, 'seed': 42, 'subsample': 0.7}"
leaf_Otu0000246,,1.1969349536340066,1.2857924110384105,1.2321803695166083,plant_OTU83;root_Otu0000041;plant_OTU27;leaf_Otu0000029;leaf_Otu0000152;root_Otu0000021;leaf_Otu0000013;leaf_Otu0000002;Elevation;longitude;plant_OTU143,models2/full/xgb_full_leaf_Otu0000246.model,models2/top20/xgb_top20_leaf_Otu0000246.model,"{'colsample_bytree': 0.9, 'gamma': 1.0, 'learning_rate': 0.1, 'max_depth': 3, 'min_child_weight': 1, 'objective': 'reg:squarederror', 'reg_alpha': 0.1, 'reg_lambda': 0.5, 'seed': 42, 'subsample': 0.7}"
leaf_Otu0000365,,0.35493657398510076,0.366842411229112,0.3705221398098537,plant_OTU154;latitude;WHC;plant_OTU109;Nitrogen;plant_OTU132;leaf_Otu0000036;leaf_Otu0000115,models2/full/xgb_full_leaf_Otu0000365.model,models2/top20/xgb_top20_leaf_Otu0000365.model,"{'colsample_bytree': 0.7, 'gamma': 1.0, 'learning_rate': 0.1, 'max_depth': 3, 'min_child_weight': 5, 'objective': 'reg:squarederror', 'reg_alpha': 1.0, 'reg_lambda': 2.0, 'seed': 42, 'subsample': 0.8}"
root_Otu0000001,leaf_Otu0000001,0.8350041594353953,0.8855265871641155,1.1698699416126983,Elevation;PPT_at;PPT_sm;MCMT;plant_OTU16;root_Otu0000122;plant_OTU67;root_Otu0000016;longitude;plant_OTU192;MAT;plant_OTU71;root_Otu0000003;leaf_Otu0000005;root_Otu0000156;leaf_Otu0000014;plant_OTU3;plant_OTU100;PPT_sp;pH,models2/full/xgb_full_root_Otu0000001.model,models2/top20/xgb_top20_root_Otu0000001.model,"{'colsample_bytree': 0.8, 'gamma': 1.0, 'learning_rate': 0.1, 'max_depth': 5, 'min_child_weight': 3, 'objective': 'reg:squarederror', 'reg_alpha': 0.5, 'reg_lambda': 2.0, 'seed': 42, 'subsample': 0.9}"
root_Otu0000002,leaf_Otu0000002,2.121472829018985,2.224194879223293,7.879890211394887,leaf_Otu0000025;root_Otu0000030;leaf_Otu0000030;latitude;PPT_sm;root_Otu0000064;plant_richness;MCMT;leaf_Otu0000004;PPT_wt;Aluminium;Sodium;leaf_Otu0000010;plant_OTU143;leaf_Otu0000012;root_Otu0000026;Iron;plant_OTU109;leaf_Otu0000027;plant_OTU198,models2/full/xgb_full_root_Otu0000002.model,models2/top20/xgb_top20_root_Otu0000002.model,"{'colsample_bytree': 0.8, 'gamma': 1.0, 'learning_rate': 0.1, 'max_depth': 4, 'min_child_weight': 3, 'objective': 'reg:squarederror', 'reg_alpha': 0.5, 'reg_lambda': 1.0, 'seed': 42, 'subsample': 0.9}"
root_Otu0000003,leaf_Otu0000003,1.0268587029038565,1.0392810371476195,1.0666369907485398,plant_richness;leaf_Otu0000073;plant_Shannon;leaf_Otu0000037;leaf_Otu0000018;plant_OTU202;PPT_sm;leaf_Otu0000004;leaf_Otu0000067;leaf_Otu0000025;Nitrogen;root_Otu0000024;Iron;Manganese;leaf_Otu0000033;root_Otu0000049;MCMT;leaf_Otu0000029;PPT_at;CN,models2/full/xgb_full_root_Otu0000003.model,models2/top20/xgb_top20_root_Otu0000003.model,"{'colsample_bytree': 0.9, 'gamma': 1.0, 'learning_rate': 0.05, 'max_depth': 3, 'min_child_weight': 5, 'objective': 'reg:squarederror', 'reg_alpha': 0.5, 'reg_lambda': 2.0, 'seed': 42, 'subsample': 0.7}"
root_Otu0000004,leaf_Otu0000004,1.0181409487168842,1.0019065460362735,1.020418564372511,WHC;leaf_Otu0000068;Phosphore;plant_OTU1;plant_OTU145;CN;plant_OTU10;leaf_Otu0000025;leaf_Otu0000109;PPT_sm;Calcium;pH;Elevation;Iron;root_Otu0000238;root_Otu0000024;leaf_Otu0000012;leaf_Otu0000001;SOM;latitude,models2/full/xgb_full_root_Otu0000004.model,models2/top20/xgb_top20_root_Otu0000004.model,"{'colsample_bytree': 0.7, 'gamma': 1.0, 'learning_rate': 0.01, 'max_depth': 5, 'min_child_weight': 1, 'objective': 'reg:squarederror', 'reg_alpha': 0.1, 'reg_lambda': 0.5, 'seed': 42, 'subsample': 0.8}"
root_Otu0000005,leaf_Otu0000005,0.35724106023371877,0.5485374324297729,4.612877626330434,leaf_Otu0000006;root_Otu0000009;leaf_Otu0000016;root_Otu0000006;root_Otu0000028;root_Otu0000017;leaf_Otu0000120;root_Otu0000058;root_Otu0000011;longitude;PPT_wt;leaf_Otu0000017;plant_OTU1;leaf_Otu0000084;leaf_Otu0000073;leaf_Otu0000038;leaf_Otu0000008;plant_OTU203;leaf_Otu0000004;leaf_Otu0000031,models2/full/xgb_full_root_Otu0000005.model,models2/top20/xgb_top20_root_Otu0000005.model,"{'colsample_bytree': 0.7, 'gamma': 1.0, 'learning_rate': 0.1, 'max_depth': 3, 'min_child_weight': 5, 'objective': 'reg:squarederror', 'reg_alpha': 0.1, 'reg_lambda': 1.0, 'seed': 42, 'subsample': 0.9}"
root_Otu0000006,leaf_Otu0000006,0.4734250418808922,0.8100029408323987,4.21259689141851,root_Otu0000009;root_Otu0000005;root_Otu0000016;leaf_Otu0000005;CN;PPT_sm;Phosphore;Calcium;root_Otu0000017;Elevation;PPT_sp;leaf_Otu0000028;longitude;leaf_Otu0000009;MAT;pH;PPT_at;latitude;PPT_wt;plant_richness,models2/full/xgb_full_root_Otu0000006.model,models2/top20/xgb_top20_root_Otu0000006.model,"{'colsample_bytree': 0.8, 'gamma': 1.0, 'learning_rate': 0.1, 'max_depth': 3, 'min_child_weight': 1, 'objective': 'reg:squarederror', 'reg_alpha': 0.5, 'reg_lambda': 0.5, 'seed': 42, 'subsample': 0.7}"
root_Otu0000007,,1.655209498086513,2.085346461619159,2.11464221767479,plant_OTU88;leaf_Otu0000025;leaf_Otu0000013;root_Otu0000114;plant_OTU1;leaf_Otu0000031;leaf_Otu0000032;leaf_Otu0000109;Elevation;CN;leaf_Otu0000057;plant_OTU113;Potassium;root_Otu0000284;root_Otu0000049;leaf_Otu0000152;OC;root_Otu0000122;Calcium;leaf_Otu0000033,models2/full/xgb_full_root_Otu0000007.model,models2/top20/xgb_top20_root_Otu0000007.model,"{'colsample_bytree': 0.9, 'gamma': 1.0, 'learning_rate': 0.1, 'max_depth': 5, 'min_child_weight': 3, 'objective': 'reg:squarederror', 'reg_alpha': 0.5, 'reg_lambda': 1.0, 'seed': 42, 'subsample': 0.9}"
root_Otu0000009,leaf_Otu0000009,0.5453291118104872,0.6857900079510915,2.024556242043653,root_Otu0000058;root_Otu0000006;root_Otu0000028;root_Otu0000005;root_Otu0000017;leaf_Otu0000058;leaf_Otu0000120;MAT;longitude;PPT_at;leaf_Otu0000006;Magnesium;Sodium,models2/full/xgb_full_root_Otu0000009.model,models2/top20/xgb_top20_root_Otu0000009.model,"{'colsample_bytree': 0.8, 'gamma': 1.0, 'learning_rate': 0.1, 'max_depth': 3, 'min_child_weight': 1, 'objective': 'reg:squarederror', 'reg_alpha': 1.0, 'reg_lambda': 1.0, 'seed': 42, 'subsample': 0.8}"
root_Otu0000011,leaf_Otu0000011,1.2193036163423816,1.1921126329462752,6.4383203389541945,leaf_Otu0000063;leaf_Otu0000100;leaf_Otu0000016;leaf_Otu0000051;root_Otu0000063;root_Otu0000016;PPT_sm;root_Otu0000001;plant_OTU78;leaf_Otu0000031;root_Otu0000100;leaf_Otu0000038;MAT;leaf_Otu0000096;root_Otu0000051;leaf_Otu0000035;plant_OTU49;Phosphore;plant_OTU147;Sodium,models2/full/xgb_full_root_Otu0000011.model,models2/top20/xgb_top20_root_Otu0000011.model,"{'colsample_bytree': 0.7, 'gamma': 1.0, 'learning_rate': 0.1, 'max_depth': 3, 'min_child_weight': 3, 'objective': 'reg:squarederror', 'reg_alpha': 0.1, 'reg_lambda': 1.0, 'seed': 42, 'subsample': 0.9}"
root_Otu0000016,leaf_Otu0000016,1.0167600414912665,0.6324391888407324,4.866137968519754,leaf_Otu0000100;leaf_Otu0000011;leaf_Otu0000051;leaf_Otu0000063;root_Otu0000011;root_Otu0000063;root_Otu0000051;leaf_Otu0000013;MAT;PPT_sm;leaf_Otu0000029;plant_OTU154;leaf_Otu0000120;leaf_Otu0000004;root_Otu0000100;leaf_Otu0000084;plant_OTU65;root_Otu0000121;leaf_Otu0000001;leaf_Otu0000157,models2/full/xgb_full_root_Otu0000016.model,models2/top20/xgb_top20_root_Otu0000016.model,"{'colsample_bytree': 0.8, 'gamma': 1.0, 'learning_rate': 0.05, 'max_depth': 3, 'min_child_weight': 3, 'objective': 'reg:squarederror', 'reg_alpha': 0.1, 'reg_lambda': 0.5, 'seed': 42, 'subsample': 0.9}"
root_Otu0000017,leaf_Otu0000017,0.27864143455803975,0.292630243583316,1.5289179781998306,root_Otu0000005;root_Otu0000009;root_Otu0000028;root_Otu0000058;leaf_Otu0000009;PPT_at;root_Otu0000001;leaf_Otu0000089;PPT_wt;OC;leaf_Otu0000036;leaf_Otu0000003;leaf_Otu0000004;Magnesium;plant_OTU203;plant_OTU113;leaf_Otu0000073;leaf_Otu0000120;CN,models2/full/xgb_full_root_Otu0000017.model,models2/top20/xgb_top20_root_Otu0000017.model,"{'colsample_bytree': 0.9, 'gamma': 1.0, 'learning_rate': 0.1, 'max_depth': 3, 'min_child_weight': 5, 'objective': 'reg:squarederror', 'reg_alpha': 0.5, 'reg_lambda': 2.0, 'seed': 42, 'subsample': 0.8}"
root_Otu0000019,,1.34328922164464,1.524028725250287,1.5413287544801029,leaf_Otu0000029;plant_OTU67;leaf_Otu0000015;leaf_Otu0000003;leaf_Otu0000014;Phosphore;plant_richness;latitude;leaf_Otu0000004;plant_OTU46;leaf_Otu0000010;longitude;leaf_Otu0000109;leaf_Otu0000036;plant_OTU87;plant_OTU1;root_Otu0000021;plant_OTU114;plant_OTU27;plant_OTU179,models2/full/xgb_full_root_Otu0000019.model,models2/top20/xgb_top20_root_Otu0000019.model,"{'colsample_bytree': 0.9, 'gamma': 1.0, 'learning_rate': 0.1, 'max_depth': 4, 'min_child_weight': 5, 'objective': 'reg:squarederror', 'reg_alpha': 0.5, 'reg_lambda': 1.0, 'seed': 42, 'subsample': 0.9}"
root_Otu0000020,,0.998108625430689,1.143613415475328,1.1534004985670736,leaf_Otu0000013;Iron;plant_OTU198;Magnesium;leaf_Otu0000067;plant_OTU216;plant_OTU154;leaf_Otu0000031;CN;pH;root_Otu0000003;leaf_Otu0000038;leaf_Otu0000034;leaf_Otu0000014;latitude;leaf_Otu0000016;leaf_Otu0000001;leaf_Otu0000015;leaf_Otu0000003;plant_OTU65,models2/full/xgb_full_root_Otu0000020.model,models2/top20/xgb_top20_root_Otu0000020.model,"{'colsample_bytree': 0.9, 'gamma': 1.0, 'learning_rate': 0.1, 'max_depth': 5, 'min_child_weight': 1, 'objective': 'reg:squarederror', 'reg_alpha': 0.5, 'reg_lambda': 1.0, 'seed': 42, 'subsample': 0.8}"
root_Otu0000021,,0.7228426691004681,0.8182756157203852,0.8156981869992951,leaf_Otu0000052;leaf_Otu0000152;leaf_Otu0000004;plant_OTU27;leaf_Otu0000115;leaf_Otu0000003;leaf_Otu0000010;latitude;Elevation;plant_OTU216;Nitrogen;leaf_Otu0000025;Sodium;leaf_Otu0000018;leaf_Otu0000246;longitude;PPT_sp;pH;OC;MCMT,models2/full/xgb_full_root_Otu0000021.model,models2/top20/xgb_top20_root_Otu0000021.model,"{'colsample_bytree': 0.7, 'gamma': 1.0, 'learning_rate': 0.1, 'max_depth': 3, 'min_child_weight': 1, 'objective': 'reg:squarederror', 'reg_alpha': 1.0, 'reg_lambda': 0.5, 'seed': 42, 'subsample': 0.7}"
root_Otu0000024,,0.25356013189902915,0.2566491983785611,0.2131981040108584,leaf_Otu0000010;leaf_Otu0000015;latitude;leaf_Otu0000013;PPT_sp;leaf_Otu0000025;plant_OTU198;leaf_Otu0000035;leaf_Otu0000078;CN;Nitrogen;Manganese;root_Otu0000004;Sodium;PPT_at;leaf_Otu0000042;plant_OTU216;root_Otu0000003;PPT_wt,models2/full/xgb_full_root_Otu0000024.model,models2/top20/xgb_top20_root_Otu0000024.model,"{'colsample_bytree': 0.7, 'gamma': 1.0, 'learning_rate': 0.01, 'max_depth': 3, 'min_child_weight': 5, 'objective': 'reg:squarederror', 'reg_alpha': 0.1, 'reg_lambda': 2.0, 'seed': 42, 'subsample': 0.9}"
root_Otu0000026,,2.1262144153929885,2.1346597559209948,2.187211468824805,root_Otu0000021;plant_OTU15;root_Otu0000075;plant_OTU65;leaf_Otu0000001;plant_OTU216;root_Otu0000019;root_Otu0000070;root_Otu0000020;plant_OTU10;root_Otu0000174;leaf_Otu0000003;root_Otu0000004;Phosphore;Magnesium;leaf_Otu0000022;plant_OTU3;plant_OTU149;leaf_Otu0000109;plant_OTU113,models2/full/xgb_full_root_Otu0000026.model,models2/top20/xgb_top20_root_Otu0000026.model,"{'colsample_bytree': 0.9, 'gamma': 1.0, 'learning_rate': 0.01, 'max_depth': 3, 'min_child_weight': 5, 'objective': 'reg:squarederror', 'reg_alpha': 1.0, 'reg_lambda': 2.0, 'seed': 42, 'subsample': 0.7}"
root_Otu0000028,leaf_Otu0000028,0.2985359400999872,0.32661176060502584,1.0831479110396423,root_Otu0000006;root_Otu0000005;root_Otu0000009;leaf_Otu0000017;leaf_Otu0000009;leaf_Otu0000005;root_Otu0000058;leaf_Otu0000006;root_Otu0000017;leaf_Otu0000058;PPT_at;leaf_Otu0000120;PPT_sm,models2/full/xgb_full_root_Otu0000028.model,models2/top20/xgb_top20_root_Otu0000028.model,"{'colsample_bytree': 0.8, 'gamma': 1.0, 'learning_rate': 0.05, 'max_depth': 3, 'min_child_weight': 5, 'objective': 'reg:squarederror', 'reg_alpha': 0.5, 'reg_lambda': 0.5, 'seed': 42, 'subsample': 0.8}"
root_Otu0000030,leaf_Otu0000030,0.30454384278247154,0.272159821103682,0.7941417862603432,root_Otu0000002;latitude;PPT_sp;leaf_Otu0000042;leaf_Otu0000002;Calcium;Phosphore;Potassium;plant_OTU1,models2/full/xgb_full_root_Otu0000030.model,models2/top20/xgb_top20_root_Otu0000030.model,"{'colsample_bytree': 0.8, 'gamma': 1.0, 'learning_rate': 0.1, 'max_depth': 3, 'min_child_weight': 3, 'objective': 'reg:squarederror', 'reg_alpha': 0.5, 'reg_lambda': 1.0, 'seed': 42, 'subsample': 0.9}"
root_Otu0000041,,0.49733938629021357,0.5171711534663138,0.49990540874064127,plant_OTU8;Sodium;leaf_Otu0000093;leaf_Otu0000003;Aluminium;leaf_Otu0000018;Magnesium;leaf_Otu0000246;MCMT;leaf_Otu0000068;PPT_sp;MAT;Elevation;plant_Shannon;pH;plant_OTU71;Calcium;PPT_wt;leaf_Otu0000120;leaf_Otu0000004,models2/full/xgb_full_root_Otu0000041.model,models2/top20/xgb_top20_root_Otu0000041.model,"{'colsample_bytree': 0.8, 'gamma': 1.0, 'learning_rate': 0.05, 'max_depth': 3, 'min_child_weight': 1, 'objective': 'reg:squarederror', 'reg_alpha': 1.0, 'reg_lambda': 2.0, 'seed': 42, 'subsample': 0.8}"
root_Otu0000046,,2.101267703066505,2.15377077826138,2.3327356505335337,PPT_at;Sodium;leaf_Otu0000025;leaf_Otu0000033;root_Otu0000007;leaf_Otu0000066;plant_OTU3;plant_OTU49;root_Otu0000989;leaf_Otu0000013;CN;Magnesium;root_Otu0000102;root_Otu0000114;leaf_Otu0000010;Elevation;leaf_Otu0000109;plant_OTU78;leaf_Otu0000011;plant_OTU4,models2/full/xgb_full_root_Otu0000046.model,models2/top20/xgb_top20_root_Otu0000046.model,"{'colsample_bytree': 0.9, 'gamma': 1.0, 'learning_rate': 0.1, 'max_depth': 3, 'min_child_weight': 3, 'objective': 'reg:squarederror', 'reg_alpha': 1.0, 'reg_lambda': 1.0, 'seed': 42, 'subsample': 0.7}"
root_Otu0000049,,1.283662733311631,1.5455070332008367,1.5334586644106134,leaf_Otu0000013;leaf_Otu0000015;leaf_Otu0000029;root_Otu0000146;Elevation;leaf_Otu0000033;Sodium;plant_OTU136;root_Otu0000021;leaf_Otu0000152;Nitrogen;WHC;plant_OTU27;leaf_Otu0000014;root_Otu0000238;leaf_Otu0000078;PPT_sp;CN;OC;pH,models2/full/xgb_full_root_Otu0000049.model,models2/top20/xgb_top20_root_Otu0000049.model,"{'colsample_bytree': 0.8, 'gamma': 1.0, 'learning_rate': 0.1, 'max_depth': 5, 'min_child_weight': 1, 'objective': 'reg:squarederror', 'reg_alpha': 1.0, 'reg_lambda': 0.5, 'seed': 42, 'subsample': 0.7}"
root_Otu0000050,,0.7255356105460338,0.7268650506998564,0.6906217043245513,leaf_Otu0000010;root_Otu0000122;leaf_Otu0000089;leaf_Otu0000074;plant_Shannon;root_Otu0000258;pH;Calcium;Sodium;leaf_Otu0000068;PPT_at;plant_OTU20;leaf_Otu0000008;plant_richness;plant_OTU113;leaf_Otu0000051;root_Otu0000102;CN;MAT;leaf_Otu0000015,models2/full/xgb_full_root_Otu0000050.model,models2/top20/xgb_top20_root_Otu0000050.model,"{'colsample_bytree': 0.7, 'gamma': 1.0, 'learning_rate': 0.01, 'max_depth': 3, 'min_child_weight': 5, 'objective': 'reg:squarederror', 'reg_alpha': 1.0, 'reg_lambda': 2.0, 'seed': 42, 'subsample': 0.7}"
root_Otu0000051,leaf_Otu0000051,0.3909037450283312,0.36592908115552214,2.1397944401900966,leaf_Otu0000011;leaf_Otu0000016;root_Otu0000063;root_Otu0000016;root_Otu0000100;root_Otu0000011;leaf_Otu0000063;leaf_Otu0000013;leaf_Otu0000100,models2/full/xgb_full_root_Otu0000051.model,models2/top20/xgb_top20_root_Otu0000051.model,"{'colsample_bytree': 0.7, 'gamma': 1.0, 'learning_rate': 0.1, 'max_depth': 3, 'min_child_weight': 3, 'objective': 'reg:squarederror', 'reg_alpha': 0.1, 'reg_lambda': 0.5, 'seed': 42, 'subsample': 0.7}"
root_Otu0000058,leaf_Otu0000058,0.19848087771881587,0.2583866141224323,0.4833801307779725,root_Otu0000006;root_Otu0000005;leaf_Otu0000005;leaf_Otu0000009,models2/full/xgb_full_root_Otu0000058.model,models2/top20/xgb_top20_root_Otu0000058.model,"{'colsample_bytree': 0.9, 'gamma': 1.0, 'learning_rate': 0.1, 'max_depth': 3, 'min_child_weight': 3, 'objective': 'reg:squarederror', 'reg_alpha': 0.1, 'reg_lambda': 0.5, 'seed': 42, 'subsample': 0.7}"
root_Otu0000063,leaf_Otu0000063,0.33439194111289233,0.3156211035338407,2.1554983036770095,leaf_Otu0000011;leaf_Otu0000016;root_Otu0000011;root_Otu0000051;root_Otu0000016;leaf_Otu0000051;plant_OTU1,models2/full/xgb_full_root_Otu0000063.model,models2/top20/xgb_top20_root_Otu0000063.model,"{'colsample_bytree': 0.8, 'gamma': 1.0, 'learning_rate': 0.1, 'max_depth': 3, 'min_child_weight': 3, 'objective': 'reg:squarederror', 'reg_alpha': 0.1, 'reg_lambda': 0.5, 'seed': 42, 'subsample': 0.7}"
root_Otu0000064,,3.371393002503145,3.380301033065681,3.327299711678266,leaf_Otu0000044;WHC;Phosphore;longitude;latitude;MCMT;root_Otu0000001;Magnesium;leaf_Otu0000117;root_Otu0000146;Nitrogen;leaf_Otu0000094;Potassium;CN;MAT;leaf_Otu0000032;leaf_Otu0000036;Elevation,models2/full/xgb_full_root_Otu0000064.model,models2/top20/xgb_top20_root_Otu0000064.model,"{'colsample_bytree': 0.9, 'gamma': 1.0, 'learning_rate': 0.1, 'max_depth': 3, 'min_child_weight': 1, 'objective': 'reg:squarederror', 'reg_alpha': 0.1, 'reg_lambda': 0.5, 'seed': 42, 'subsample': 0.7}"
root_Otu0000070,leaf_Otu0000070,1.049981227979695,1.1109148227086187,1.0948818533700606,leaf_Otu0000115;latitude;Iron;longitude;Elevation;plant_OTU154;PPT_sm;plant_OTU1;MCMT;PPT_wt;plant_OTU10;leaf_Otu0000109;leaf_Otu0000101;plant_OTU132;Magnesium;Phosphore;root_Otu0000007;Calcium;PPT_at;leaf_Otu0000025,models2/full/xgb_full_root_Otu0000070.model,models2/top20/xgb_top20_root_Otu0000070.model,"{'colsample_bytree': 0.7, 'gamma': 1.0, 'learning_rate': 0.1, 'max_depth': 3, 'min_child_weight': 3, 'objective': 'reg:squarederror', 'reg_alpha': 0.1, 'reg_lambda': 2.0, 'seed': 42, 'subsample': 0.9}"
root_Otu0000075,,1.3890653764299319,1.4978374986656728,1.4736104727697104,leaf_Otu0000246;leaf_Otu0000029;leaf_Otu0000035;leaf_Otu0000084;leaf_Otu0000078;plant_OTU143;plant_OTU147;plant_OTU100;plant_OTU198;leaf_Otu0000152;leaf_Otu0000074;MAT;Sodium;plant_OTU216;plant_OTU67;OC;root_Otu0000001;plant_OTU149;Nitrogen;leaf_Otu0000005,models2/full/xgb_full_root_Otu0000075.model,models2/top20/xgb_top20_root_Otu0000075.model,"{'colsample_bytree': 0.8, 'gamma': 1.0, 'learning_rate': 0.1, 'max_depth': 3, 'min_child_weight': 5, 'objective': 'reg:squarederror', 'reg_alpha': 1.0, 'reg_lambda': 1.0, 'seed': 42, 'subsample': 0.7}"
root_Otu0000076,,0.4838052046265711,0.4842696725846842,0.48218242463419037,plant_OTU198;plant_OTU132;leaf_Otu0000137;leaf_Otu0000115;leaf_Otu0000116;leaf_Otu0000010;leaf_Otu0000157;CN;leaf_Otu0000035;root_Otu0000075;plant_OTU100,models2/full/xgb_full_root_Otu0000076.model,models2/top20/xgb_top20_root_Otu0000076.model,"{'colsample_bytree': 0.7, 'gamma': 1.0, 'learning_rate': 0.01, 'max_depth': 3, 'min_child_weight': 3, 'objective': 'reg:squarederror', 'reg_alpha': 1.0, 'reg_lambda': 2.0, 'seed': 42, 'subsample': 0.7}"
root_Otu0000100,leaf_Otu0000100,0.31617446025420975,0.41270080045381496,1.4196066697870358,root_Otu0000011;leaf_Otu0000016;leaf_Otu0000011;root_Otu0000016;plant_OTU198;root_Otu0000051;pH;plant_OTU192;leaf_Otu0000005;root_Otu0000063;PPT_at;plant_OTU136;PPT_wt;latitude;longitude;plant_OTU113,models2/full/xgb_full_root_Otu0000100.model,models2/top20/xgb_top20_root_Otu0000100.model,"{'colsample_bytree': 0.9, 'gamma': 1.0, 'learning_rate': 0.05, 'max_depth': 3, 'min_child_weight': 1, 'objective': 'reg:squarederror', 'reg_alpha': 0.1, 'reg_lambda': 2.0, 'seed': 42, 'subsample': 0.7}"
root_Otu0000102,,6.34734799468493,6.601169968216417,6.7668168517179055,Iron;leaf_Otu0000031;leaf_Otu0000057;leaf_Otu0000074;root_Otu0000114;plant_OTU203;leaf_Otu0000070;MCMT;Aluminium;root_Otu0000284;leaf_Otu0000115;Sodium;leaf_Otu0000052;plant_OTU114;root_Otu0000021;root_Otu0000050;root_Otu0000007;leaf_Otu0000042;longitude;leaf_Otu0000089,models2/full/xgb_full_root_Otu0000102.model,models2/top20/xgb_top20_root_Otu0000102.model,"{'colsample_bytree': 0.8, 'gamma': 1.0, 'learning_rate': 0.1, 'max_depth': 5, 'min_child_weight': 3, 'objective': 'reg:squarederror', 'reg_alpha': 0.5, 'reg_lambda': 0.5, 'seed': 42, 'subsample': 0.7}"
root_Otu0000114,,3.725074992420932,3.7355489924184533,3.860765163112693,leaf_Otu0000152;Sodium;leaf_Otu0000066;root_Otu0000122;leaf_Otu0000109;plant_OTU149;plant_OTU202;plant_OTU192;Nitrogen;root_Otu0000102;Potassium;leaf_Otu0000012;root_Otu0000003;longitude;leaf_Otu0000003;OC;Aluminium;plant_OTU109;latitude;leaf_Otu0000157,models2/full/xgb_full_root_Otu0000114.model,models2/top20/xgb_top20_root_Otu0000114.model,"{'colsample_bytree': 0.9, 'gamma': 1.0, 'learning_rate': 0.1, 'max_depth': 5, 'min_child_weight': 1, 'objective': 'reg:squarederror', 'reg_alpha': 0.1, 'reg_lambda': 0.5, 'seed': 42, 'subsample': 0.7}"
root_Otu0000121,,0.5952408673005608,0.5975896917520325,0.5943890489926702,leaf_Otu0000038;PPT_sm;root_Otu0000122;Calcium;MCMT;plant_OTU87;leaf_Otu0000013;leaf_Otu0000025;plant_OTU27;leaf_Otu0000120;plant_OTU154,models2/full/xgb_full_root_Otu0000121.model,models2/top20/xgb_top20_root_Otu0000121.model,"{'colsample_bytree': 0.7, 'gamma': 1.0, 'learning_rate': 0.01, 'max_depth': 3, 'min_child_weight': 3, 'objective': 'reg:squarederror', 'reg_alpha': 1.0, 'reg_lambda': 2.0, 'seed': 42, 'subsample': 0.7}"
root_Otu0000122,,0.3094482270661087,0.3217371068171781,0.7270487668168941,leaf_Otu0000012;root_Otu0000163;root_Otu0000199;Iron;leaf_Otu0000109;pH;Manganese;plant_OTU72;Elevation;root_Otu0000005;leaf_Otu0000038;root_Otu0000070;MCMT;Aluminium;plant_OTU46;CN;plant_OTU192;plant_OTU136;plant_OTU198,models2/full/xgb_full_root_Otu0000122.model,models2/top20/xgb_top20_root_Otu0000122.model,"{'colsample_bytree': 0.9, 'gamma': 1.0, 'learning_rate': 0.1, 'max_depth': 4, 'min_child_weight': 1, 'objective': 'reg:squarederror', 'reg_alpha': 0.5, 'reg_lambda': 1.0, 'seed': 42, 'subsample': 0.9}"
root_Otu0000144,,0.14926930766803417,0.15160352256475948,0.0,leaf_Otu0000052;leaf_Otu0000120;Elevation;MCMT;CN;PPT_wt;root_Otu0000284;leaf_Otu0000066;Nitrogen,models2/full/xgb_full_root_Otu0000144.model,models2/top20/xgb_top20_root_Otu0000144.model,"{'colsample_bytree': 0.8, 'gamma': 1.0, 'learning_rate': 0.01, 'max_depth': 3, 'min_child_weight': 1, 'objective': 'reg:squarederror', 'reg_alpha': 1.0, 'reg_lambda': 2.0, 'seed': 42, 'subsample': 0.7}"
root_Otu0000146,,0.4090028096381115,0.40721524779038126,0.13695973629638614,root_Otu0000049;PPT_wt;CN;leaf_Otu0000029;leaf_Otu0000032;root_Otu0000258;PPT_sp;leaf_Otu0000023;PPT_sm;latitude;longitude;WHC;MAT;Elevation;plant_OTU20;plant_OTU154;plant_OTU204;root_Otu0000064;leaf_Otu0000025;leaf_Otu0000089,models2/full/xgb_full_root_Otu0000146.model,models2/top20/xgb_top20_root_Otu0000146.model,"{'colsample_bytree': 0.7, 'gamma': 1.0, 'learning_rate': 0.01, 'max_depth': 4, 'min_child_weight': 1, 'objective': 'reg:squarederror', 'reg_alpha': 1.0, 'reg_lambda': 2.0, 'seed': 42, 'subsample': 0.9}"
root_Otu0000156,,0.642437073720531,0.6365837256675813,0.714855737603698,Phosphore;plant_OTU27;Magnesium;leaf_Otu0000015;plant_OTU8;leaf_Otu0000030;Sodium;SOM;root_Otu0000030;latitude;leaf_Otu0000109;leaf_Otu0000032;leaf_Otu0000152;longitude;PPT_sm;OC;Potassium;root_Otu0000002;plant_OTU146;plant_OTU88,models2/full/xgb_full_root_Otu0000156.model,models2/top20/xgb_top20_root_Otu0000156.model,"{'colsample_bytree': 0.7, 'gamma': 1.0, 'learning_rate': 0.1, 'max_depth': 3, 'min_child_weight': 3, 'objective': 'reg:squarederror', 'reg_alpha': 0.1, 'reg_lambda': 0.5, 'seed': 42, 'subsample': 0.9}"
root_Otu0000163,,0.106554508625561,0.11717790208591895,0.30344107200662107,pH;leaf_Otu0000109;leaf_Otu0000012;latitude;root_Otu0000122;leaf_Otu0000025;leaf_Otu0000077;root_Otu0000199,models2/full/xgb_full_root_Otu0000163.model,models2/top20/xgb_top20_root_Otu0000163.model,"{'colsample_bytree': 0.9, 'gamma': 1.0, 'learning_rate': 0.1, 'max_depth': 3, 'min_child_weight': 1, 'objective': 'reg:squarederror', 'reg_alpha': 0.1, 'reg_lambda': 0.5, 'seed': 42, 'subsample': 0.9}"
root_Otu0000174,,0.7376571326446509,0.7491654682315881,0.6348745886326576,PPT_sp;plant_OTU113;leaf_Otu0000014;plant_OTU198;plant_OTU146;leaf_Otu0000001;PPT_wt;leaf_Otu0000042;pH;Aluminium;WHC;plant_OTU83;plant_OTU3;plant_OTU10;leaf_Otu0000003;Manganese;plant_richness;plant_OTU15;latitude;root_Otu0000989,models2/full/xgb_full_root_Otu0000174.model,models2/top20/xgb_top20_root_Otu0000174.model,"{'colsample_bytree': 0.7, 'gamma': 1.0, 'learning_rate': 0.01, 'max_depth': 3, 'min_child_weight': 3, 'objective': 'reg:squarederror', 'reg_alpha': 1.0, 'reg_lambda': 2.0, 'seed': 42, 'subsample': 0.7}"
root_Otu0000199,,0.0835821465680608,0.08704605341454325,0.26872493826162364,root_Otu0000163;root_Otu0000122;root_Otu0000114;plant_OTU18;plant_OTU198;root_Otu0000007;Sodium;leaf_Otu0000012,models2/full/xgb_full_root_Otu0000199.model,models2/top20/xgb_top20_root_Otu0000199.model,"{'colsample_bytree': 0.8, 'gamma': 1.0, 'learning_rate': 0.1, 'max_depth': 3, 'min_child_weight': 5, 'objective': 'reg:squarederror', 'reg_alpha': 1.0, 'reg_lambda': 2.0, 'seed': 42, 'subsample': 0.9}"
root_Otu0000238,,0.583517481859015,0.5852133717187956,0.1169099317305332,leaf_Otu0000029;leaf_Otu0000074;leaf_Otu0000013;pH;Sodium;root_Otu0000020;root_Otu0000050;leaf_Otu0000031;plant_OTU204;root_Otu0000102;leaf_Otu0000067;plant_OTU216;longitude;plant_OTU149;leaf_Otu0000002;leaf_Otu0000101;root_Otu0000004;root_Otu0000075;plant_OTU1;Aluminium,models2/full/xgb_full_root_Otu0000238.model,models2/top20/xgb_top20_root_Otu0000238.model,"{'colsample_bytree': 0.9, 'gamma': 1.0, 'learning_rate': 0.01, 'max_depth': 3, 'min_child_weight': 5, 'objective': 'reg:squarederror', 'reg_alpha': 1.0, 'reg_lambda': 2.0, 'seed': 42, 'subsample': 0.7}"
root_Otu0000258,,3.256810070573532,3.5884362615926775,3.7793758144230805,longitude;leaf_Otu0000002;leaf_Otu0000018;PPT_sm;leaf_Otu0000246;leaf_Otu0000034;Sodium;pH;plant_OTU71;plant_richness;MAT;plant_OTU114;leaf_Otu0000093;leaf_Otu0000013;PPT_wt;leaf_Otu0000029;leaf_Otu0000012;leaf_Otu0000042;plant_OTU146;leaf_Otu0000115,models2/full/xgb_full_root_Otu0000258.model,models2/top20/xgb_top20_root_Otu0000258.model,"{'colsample_bytree': 0.8, 'gamma': 1.0, 'learning_rate': 0.05, 'max_depth': 5, 'min_child_weight': 5, 'objective': 'reg:squarederror', 'reg_alpha': 0.5, 'reg_lambda': 1.0, 'seed': 42, 'subsample': 0.7}"
root_Otu0000284,,0.14602485248185762,0.1810684610990877,0.0,plant_OTU113;leaf_Otu0000025;plant_OTU87;plant_OTU1;MAT;leaf_Otu0000117;WHC;root_Otu0000001;PPT_sm;leaf_Otu0000109;Sodium;OC;Iron;latitude;leaf_Otu0000036;leaf_Otu0000002;plant_OTU15;plant_OTU159;root_Otu0000007;longitude,models2/full/xgb_full_root_Otu0000284.model,models2/top20/xgb_top20_root_Otu0000284.model,"{'colsample_bytree': 0.7, 'gamma': 1.0, 'learning_rate': 0.01, 'max_depth': 3, 'min_child_weight': 3, 'objective': 'reg:squarederror', 'reg_alpha': 1.0, 'reg_lambda': 2.0, 'seed': 42, 'subsample': 0.7}"
root_Otu0000989,,0.25817537719818956,0.2574634546298897,0.2311621114720101,plant_richness;plant_Shannon;root_Otu0000003;plant_OTU198;leaf_Otu0000070;leaf_Otu0000035;leaf_Otu0000006;Nitrogen;PPT_sm;plant_OTU196;leaf_Otu0000101;leaf_Otu0000014;WHC;OC;Aluminium;SOM;root_Otu0000019;leaf_Otu0000010;root_Otu0000070;PPT_wt,models2/full/xgb_full_root_Otu0000989.model,models2/top20/xgb_top20_root_Otu0000989.model,"{'colsample_bytree': 0.8, 'gamma': 1.0, 'learning_rate': 0.01, 'max_depth': 3, 'min_child_weight': 3, 'objective': 'reg:squarederror', 'reg_alpha': 0.1, 'reg_lambda': 2.0, 'seed': 42, 'subsample': 0.7}"
